N,eig_q,eig_c,eig_true,state_overlap,time_q,time_clas,state_est,state_true
2,-1.0,-1.0,-1.0,(1+0j),11.426,0.322,"[0j, (-0.707+0j), (0.707+0j), 0j]","[0j, (-0.707+0j), (0.707+0j), 0j]"
3,-1.0,-1.0,-1.0,(-0.929+0j),19.83,0.282,"[0j, (-0.493+0j), (-0.317+0j), 0j, (0.81+0j), 0j, 0j, 0j]","[0j, (0.699+0j), (0.017+0j), 0j, (-0.715+0j), 0j, 0j, 0j]"
3,-1.0,-1.0,-1.0,0j,42.322,0.447,"[(-0+0j), 0j, 0j, (-0.28+0j), 0j, (-0.525+0j), (0.804+0j), 0j]","[0j, (0.699+0j), (0.017+0j), 0j, (-0.715+0j), 0j, 0j, 0j]"
4,-2.0,-2.0,-2.0,0j,29.858,0.433,"[0j, (-0.5+0j), (0.5+0j), 0j, (-0.5+0j), 0j, 0j, (-0+0j), (0.5+0j), 0j, 0j, (-0+0j), 0j, 0j, (-0+0j), 0j]","[0j, 0j, 0j, (0.354+0j), 0j, (-0.5+0j), (0.354+0j), 0j, 0j, (0.354+0j), (-0.5+0j), 0j, (0.354+0j), 0j, 0j, 0j]"
4,-2.732,-2.828,-2.828,(0.988+0j),88.953,0.561,"[(-0+0j), 0j, 0j, (0.325+0j), 0j, (-0.444+0j), (0.444+0j), 0j, 0j, (0.444+0j), (-0.444+0j), 0j, (0.325+0j), 0j, 0j, 0j]","[0j, 0j, 0j, (0.354+0j), 0j, (-0.5+0j), (0.354+0j), 0j, 0j, (0.354+0j), (-0.5+0j), 0j, (0.354+0j), 0j, 0j, 0j]"
4,-2.0,-2.0,-2.0,0j,131.091,0.509,"[0j, 0j, (-0+0j), 0j, (-0+0j), 0j, 0j, (-0.5+0j), 0j, 0j, 0j, (0.5+0j), 0j, (-0.5+0j), (0.5+0j), 0j]","[0j, 0j, 0j, (0.354+0j), 0j, (-0.5+0j), (0.354+0j), 0j, 0j, (0.354+0j), (-0.5+0j), 0j, (0.354+0j), 0j, 0j, 0j]"
5,-1.618,-1.618,-1.618,(-0+0j),42.347,0.484,"[0j, (-0.25+0j), (-0.139+0j), 0j, (0.475+0j), 0j, 0j, 0j, (-0.63+0j), 0j, 0j, (-0+0j), 0j, (-0+0j), (-0+0j), 0j, (0.544+0j), 0j, 0j, (-0+0j), 0j, 0j, 0j, 0j, 0j, 0j, 0j, 0j, (-0+0j), 0j, 0j, 0j]","[0j, (-0+0j), 0j, 0j, 0j, (0.255+0j), (-0.255+0j), (0.112+0j), (-0+0j), (-0.412+0j), (0.412+0j), (-0.3+0j), (-0.158+0j), (0.305+0j), (-0.12+0j), (-0+0j), (-0+0j), (0.255+0j), (-0.255+0j), (0.189+0j), 0j, (-0.194+0j), (0.008+0j), 0j, (0.158+0j), (0.005+0j), (0.181+0j), (-0+0j), (-0.186+0j), 0j, 0j, 0j]"
5,-2.606,-2.618,-2.618,(0.774+0j),158.702,0.669,"[(-0+0j), 0j, 0j, (0.075+0j), 0j, (0.212+0j), (-0.265+0j), 0j, 0j, (-0.441+0j), (0.553+0j), 0j, (-0.242+0j), 0j, 0j, (-0+0j), 0j, (0.328+0j), (-0.411+0j), 0j, (0.18+0j), 0j, 0j, (-0+0j), (0.101+0j), 0j, 0j, 0j, 0j, 0j, (-0+0j), 0j]","[0j, (-0+0j), 0j, 0j, 0j, (0.255+0j), (-0.255+0j), (0.112+0j), (-0+0j), (-0.412+0j), (0.412+0j), (-0.3+0j), (-0.158+0j), (0.305+0j), (-0.12+0j), (-0+0j), (-0+0j), (0.255+0j), (-0.255+0j), (0.189+0j), 0j, (-0.194+0j), (0.008+0j), 0j, (0.158+0j), (0.005+0j), (0.181+0j), (-0+0j), (-0.186+0j), 0j, 0j, 0j]"
5,-2.602,-2.618,-2.618,(-0.414+0j),270.195,0.644,"[0j, 0j, (-0+0j), 0j, 0j, 0j, 0j, (0.045+0j), (-0+0j), 0j, 0j, (0.248+0j), 0j, (-0.472+0j), (0.325+0j), 0j, (-0+0j), 0j, 0j, (-0.288+0j), 0j, (0.547+0j), (-0.377+0j), 0j, 0j, (-0.215+0j), (0.148+0j), 0j, (0.128+0j), 0j, 0j, 0j]","[0j, (-0+0j), 0j, 0j, 0j, (0.255+0j), (-0.255+0j), (0.112+0j), (-0+0j), (-0.412+0j), (0.412+0j), (-0.3+0j), (-0.158+0j), (0.305+0j), (-0.12+0j), (-0+0j), (-0+0j), (0.255+0j), (-0.255+0j), (0.189+0j), 0j, (-0.194+0j), (0.008+0j), 0j, (0.158+0j), (0.005+0j), (0.181+0j), (-0+0j), (-0.186+0j), 0j, 0j, 0j]"
5,-1.618,-1.618,-1.618,(-0+0j),327.133,0.829,"[(-0+0j), 0j, 0j, 0j, 0j, 0j, (-0+0j), 0j, 0j, 0j, (-0+0j), 0j, (-0+0j), 0j, 0j, (-0.408+0j), 0j, (-0+0j), 0j, 0j, 0j, 0j, 0j, (0.046+0j), (-0+0j), 0j, 0j, (0.334+0j), 0j, (-0.586+0j), (0.614+0j), 0j]","[0j, (-0+0j), 0j, 0j, 0j, (0.255+0j), (-0.255+0j), (0.112+0j), (-0+0j), (-0.412+0j), (0.412+0j), (-0.3+0j), (-0.158+0j), (0.305+0j), (-0.12+0j), (-0+0j), (-0+0j), (0.255+0j), (-0.255+0j), (0.189+0j), 0j, (-0.194+0j), (0.008+0j), 0j, (0.158+0j), (0.005+0j), (0.181+0j), (-0+0j), (-0.186+0j), 0j, 0j, 0j]"
6,-1.631,-2.0,-2.0,(-0+0j),55.902,0.983,"[0j, (0.041+0j), (0.075+0j), 0j, (-0.421+0j), 0j, 0j, 0j, (0.612+0j), 0j, 0j, 0j, 0j, 0j, 0j, 0j, (-0.577+0j), 0j, 0j, (-0+0j), 0j, 0j, 0j, 0j, 0j, 0j, 0j, 0j, (-0+0j), 0j, 0j, (-0+0j), (0.328+0j), 0j, 0j, (-0+0j), 0j, 0j, 0j, 0j, 0j, (-0+0j), (-0+0j), 0j, 0j, 0j, 0j, (-0+0j), 0j, 0j, 0j, 0j, (-0+0j), 0j, 0j, 0j, 0j, 0j, 0j, (-0+0j), 0j, 0j, 0j, 0j]","[0j, (-0+0j), 0j, 0j, (-0+0j), 0j, (-0+0j), (-0.118+0j), 0j, 0j, 0j, (0.236+0j), (-0+0j), (-0.236+0j), (0.118+0j), 0j, 0j, 0j, (-0+0j), (-0.236+0j), 0j, (0.354+0j), (-0.236+0j), 0j, 0j, (-0.236+0j), (0.236+0j), (-0+0j), (-0.118+0j), (-0+0j), 0j, 0j, (-0+0j), 0j, (-0+0j), (0.118+0j), (-0+0j), (-0.236+0j), (0.236+0j), 0j, (-0+0j), (0.236+0j), (-0.354+0j), (-0+0j), (0.236+0j), (-0+0j), 0j, 0j, 0j, (-0.118+0j), (0.236+0j), (-0+0j), (-0.236+0j), (-0+0j), 0j, 0j, (0.118+0j), (-0+0j), (-0+0j), 0j, (-0+0j), 0j, 0j, 0j]"
6,-3.32,-3.464,-3.464,(-0+0j),270.682,1.047,"[(-0+0j), 0j, 0j, (0.153+0j), 0j, (-0.194+0j), (0.218+0j), 0j, 0j, (0.266+0j), (-0.298+0j), 0j, (0.252+0j), 0j, 0j, 0j, 0j, (-0.314+0j), (0.353+0j), 0j, (-0.298+0j), 0j, 0j, (-0+0j), (0.218+0j), 0j, 0j, 0j, 0j, (-0+0j), 0j, 0j, 0j, (0.28+0j), (-0.314+0j), 0j, (0.266+0j), 0j, 0j, (-0+0j), (-0.194+0j), 0j, 0j, 0j, 0j, (-0+0j), 0j, 0j, (0.153+0j), 0j, 0j, (-0+0j), 0j, 0j, (-0+0j), 0j, 0j, (-0+0j), 0j, 0j, (-0+0j), 0j, 0j, (-0+0j)]","[0j, (-0+0j), 0j, 0j, (-0+0j), 0j, (-0+0j), (-0.118+0j), 0j, 0j, 0j, (0.236+0j), (-0+0j), (-0.236+0j), (0.118+0j), 0j, 0j, 0j, (-0+0j), (-0.236+0j), 0j, (0.354+0j), (-0.236+0j), 0j, 0j, (-0.236+0j), (0.236+0j), (-0+0j), (-0.118+0j), (-0+0j), 0j, 0j, (-0+0j), 0j, (-0+0j), (0.118+0j), (-0+0j), (-0.236+0j), (0.236+0j), 0j, (-0+0j), (0.236+0j), (-0.354+0j), (-0+0j), (0.236+0j), (-0+0j), 0j, 0j, 0j, (-0.118+0j), (0.236+0j), (-0+0j), (-0.236+0j), (-0+0j), 0j, 0j, (0.118+0j), (-0+0j), (-0+0j), 0j, (-0+0j), 0j, 0j, 0j]"
6,-3.787,-4.0,-4.0,(0.963+0j),494.314,1.093,"[0j, (-0+0j), (-0+0j), 0j, 0j, 0j, 0j, (-0.11+0j), 0j, 0j, 0j, (0.133+0j), 0j, (-0.194+0j), (0.194+0j), 0j, (-0+0j), 0j, 0j, (-0.194+0j), 0j, (0.283+0j), (-0.283+0j), 0j, 0j, (-0.283+0j), (0.283+0j), 0j, (-0.194+0j), 0j, 0j, (-0+0j), 0j, 0j, 0j, (0.194+0j), 0j, (-0.283+0j), (0.283+0j), 0j, 0j, (0.283+0j), (-0.283+0j), 0j, (0.194+0j), 0j, 0j, (-0+0j), 0j, (-0.194+0j), (0.194+0j), 0j, (-0.133+0j), 0j, 0j, 0j, (0.11+0j), 0j, 0j, (-0+0j), 0j, 0j, (-0+0j), 0j]","[0j, (-0+0j), 0j, 0j, (-0+0j), 0j, (-0+0j), (-0.118+0j), 0j, 0j, 0j, (0.236+0j), (-0+0j), (-0.236+0j), (0.118+0j), 0j, 0j, 0j, (-0+0j), (-0.236+0j), 0j, (0.354+0j), (-0.236+0j), 0j, 0j, (-0.236+0j), (0.236+0j), (-0+0j), (-0.118+0j), (-0+0j), 0j, 0j, (-0+0j), 0j, (-0+0j), (0.118+0j), (-0+0j), (-0.236+0j), (0.236+0j), 0j, (-0+0j), (0.236+0j), (-0.354+0j), (-0+0j), (0.236+0j), (-0+0j), 0j, 0j, 0j, (-0.118+0j), (0.236+0j), (-0+0j), (-0.236+0j), (-0+0j), 0j, 0j, (0.118+0j), (-0+0j), (-0+0j), 0j, (-0+0j), 0j, 0j, 0j]"
6,-3.32,-3.464,-3.464,0j,670.172,1.236,"[(-0+0j), 0j, 0j, (-0+0j), 0j, 0j, (-0+0j), 0j, 0j, (-0+0j), 0j, 0j, 0j, 0j, 0j, (0.153+0j), 0j, (-0+0j), 0j, 0j, 0j, 0j, 0j, (-0.194+0j), (-0+0j), 0j, 0j, (0.266+0j), 0j, (-0.314+0j), (0.28+0j), 0j, 0j, (-0+0j), 0j, 0j, (-0+0j), 0j, 0j, (0.218+0j), 0j, 0j, 0j, (-0.298+0j), 0j, (0.353+0j), (-0.314+0j), 0j, (-0+0j), 0j, 0j, (0.252+0j), 0j, (-0.298+0j), (0.266+0j), 0j, 0j, (0.218+0j), (-0.194+0j), 0j, (0.153+0j), 0j, 0j, 0j]","[0j, (-0+0j), 0j, 0j, (-0+0j), 0j, (-0+0j), (-0.118+0j), 0j, 0j, 0j, (0.236+0j), (-0+0j), (-0.236+0j), (0.118+0j), 0j, 0j, 0j, (-0+0j), (-0.236+0j), 0j, (0.354+0j), (-0.236+0j), 0j, 0j, (-0.236+0j), (0.236+0j), (-0+0j), (-0.118+0j), (-0+0j), 0j, 0j, (-0+0j), 0j, (-0+0j), (0.118+0j), (-0+0j), (-0.236+0j), (0.236+0j), 0j, (-0+0j), (0.236+0j), (-0.354+0j), (-0+0j), (0.236+0j), (-0+0j), 0j, 0j, 0j, (-0.118+0j), (0.236+0j), (-0+0j), (-0.236+0j), (-0+0j), 0j, 0j, (0.118+0j), (-0+0j), (-0+0j), 0j, (-0+0j), 0j, 0j, 0j]"
6,-2.0,-2.0,-2.0,0j,749.068,1.0,"[0j, 0j, (-0+0j), 0j, (-0+0j), 0j, 0j, 0j, 0j, 0j, 0j, 0j, 0j, 0j, 0j, 0j, 0j, 0j, 0j, (-0+0j), 0j, 0j, (-0+0j), 0j, 0j, 0j, (-0+0j), 0j, 0j, 0j, 0j, (-0.408+0j), (-0+0j), 0j, 0j, (-0+0j), 0j, (-0+0j), 0j, 0j, 0j, (-0+0j), 0j, 0j, 0j, 0j, 0j, (0.408+0j), 0j, (-0+0j), 0j, 0j, 0j, 0j, 0j, (-0.408+0j), 0j, 0j, 0j, (0.408+0j), 0j, (-0.408+0j), (0.408+0j), 0j]","[0j, (-0+0j), 0j, 0j, (-0+0j), 0j, (-0+0j), (-0.118+0j), 0j, 0j, 0j, (0.236+0j), (-0+0j), (-0.236+0j), (0.118+0j), 0j, 0j, 0j, (-0+0j), (-0.236+0j), 0j, (0.354+0j), (-0.236+0j), 0j, 0j, (-0.236+0j), (0.236+0j), (-0+0j), (-0.118+0j), (-0+0j), 0j, 0j, (-0+0j), 0j, (-0+0j), (0.118+0j), (-0+0j), (-0.236+0j), (0.236+0j), 0j, (-0+0j), (0.236+0j), (-0.354+0j), (-0+0j), (0.236+0j), (-0+0j), 0j, 0j, 0j, (-0.118+0j), (0.236+0j), (-0+0j), (-0.236+0j), (-0+0j), 0j, 0j, (0.118+0j), (-0+0j), (-0+0j), 0j, (-0+0j), 0j, 0j, 0j]"
7,-1.802,-1.802,-1.802,(-0+0j),77.971,1.765,"[0j, (-0.154+0j), (-0.084+0j), 0j, (0.304+0j), 0j, 0j, (-0+0j), (-0.465+0j), 0j, 0j, (-0+0j), 0j, 0j, 0j, 0j, (0.533+0j), 0j, 0j, (-0+0j), 0j, 0j, 0j, 0j, 0j, 0j, 0j, 0j, (-0+0j), 0j, 0j, (-0+0j), (-0.496+0j), 0j, 0j, (-0+0j), 0j, (-0+0j), (-0+0j), 0j, 0j, (-0+0j), (-0+0j), 0j, 0j, 0j, 0j, 0j, 0j, (-0+0j), (-0+0j), 0j, 0j, 0j, 0j, 0j, (-0+0j), 0j, 0j, (-0+0j), 0j, (-0+0j), (-0+0j), 0j, (0.361+0j), 0j, 0j, (-0+0j), 0j, 0j, 0j, 0j, 0j, (-0+0j), (-0+0j), 0j, 0j, 0j, 0j, (-0+0j), 0j, 0j, 0j, 0j, (-0+0j), 0j, 0j, (-0+0j), 0j, 0j, 0j, 0j, 0j, (-0+0j), (-0+0j), 0j, 0j, (-0+0j), (-0+0j), 0j, 0j, 0j, 0j, 0j, (-0+0j), 0j, 0j, (-0+0j), 0j, 0j, 0j, 0j, 0j, 0j, 0j, (-0+0j), 0j, (-0+0j), (-0+0j), 0j, 0j, (-0+0j), (-0+0j), 0j, 0j, 0j, 0j, (-0+0j)]","[0j, 0j, (-0+0j), (-0+0j), 0j, 0j, 0j, 0j, 0j, 0j, (-0+0j), (-0.001+0j), (-0+0j), (0.001+0j), (-0.001+0j), (0.06+0j), (-0+0j), (-0+0j), 0j, (0.002+0j), 0j, (-0.003+0j), (0.002+0j), (-0.056+0j), (-0+0j), (0.002+0j), (-0.001+0j), (-0.041+0j), 0j, (0.116+0j), (-0.079+0j), 0j, (-0+0j), 0j, 0j, (-0.002+0j), 0j, (0.003+0j), (-0.001+0j), (-0.033+0j), 0j, (-0.002+0j), (0.001+0j), (0.21+0j), 0j, (-0.318+0j), (0.202+0j), (-0+0j), 0j, (0.001+0j), 0j, (-0.22+0j), (-0.001+0j), (0.363+0j), (-0.233+0j), 0j, (0.001+0j), (-0.187+0j), (0.135+0j), (-0+0j), (-0.025+0j), 0j, (-0+0j), (-0+0j), 0j, 0j, (-0+0j), (0.001+0j), (-0+0j), (-0.001+0j), (0.001+0j), (0.052+0j), 0j, (0.001+0j), 0j, (-0.177+0j), (-0.001+0j), (0.251+0j), (-0.187+0j), 0j, 0j, 0j, (-0.001+0j), (0.202+0j), (0.002+0j), (-0.337+0j), (0.243+0j), (-0+0j), (-0.002+0j), (0.168+0j), (-0.102+0j), 0j, (-0.033+0j), (-0+0j), 0j, 0j, (-0+0j), (-0+0j), (0.001+0j), (-0.083+0j), (-0.002+0j), (0.135+0j), (-0.07+0j), 0j, (0.002+0j), (-0.056+0j), (-0.06+0j), (-0+0j), (0.145+0j), 0j, 0j, (-0+0j), (-0.001+0j), (-0.015+0j), (0.116+0j), 0j, (-0.177+0j), 0j, (-0+0j), 0j, (0.09+0j), (-0+0j), 0j, 0j, (-0+0j), (-0+0j), 0j, 0j]"
7,-3.176,-3.247,-3.247,0j,357.134,1.781,"[0j, 0j, 0j, (-0.015+0j), 0j, (0.015+0j), (-0.023+0j), 0j, 0j, (0.107+0j), (-0.168+0j), 0j, (0.159+0j), 0j, 0j, 0j, 0j, (-0.226+0j), (0.355+0j), 0j, (-0.337+0j), 0j, 0j, 0j, (0.186+0j), 0j, 0j, 0j, 0j, 0j, 0j, 0j, 0j, (0.261+0j), (-0.41+0j), 0j, (0.389+0j), 0j, 0j, (-0+0j), (-0.215+0j), 0j, 0j, 0j, 0j, 0j, (-0+0j), 0j, (0.036+0j), 0j, 0j, (-0+0j), 0j, 0j, 0j, 0j, 0j, 0j, (-0+0j), 0j, 0j, 0j, 0j, 0j, 0j, (-0.162+0j), (0.255+0j), 0j, (-0.242+0j), 0j, 0j, (-0+0j), (0.134+0j), 0j, 0j, (-0+0j), 0j, (-0+0j), 0j, 0j, (-0.022+0j), 0j, 0j, 0j, 0j, (-0+0j), 0j, 0j, 0j, (-0+0j), 0j, 0j, (-0+0j), 0j, 0j, 0j, (-0.075+0j), 0j, 0j, 0j, 0j, (-0+0j), 0j, 0j, 0j, (-0+0j), 0j, 0j, (-0+0j), 0j, 0j, 0j, 0j, 0j, (-0+0j), 0j, 0j, 0j, 0j, (-0+0j), (-0+0j), 0j, 0j, 0j, 0j, (-0+0j), (-0+0j), 0j]","[0j, 0j, (-0+0j), (-0+0j), 0j, 0j, 0j, 0j, 0j, 0j, (-0+0j), (-0.001+0j), (-0+0j), (0.001+0j), (-0.001+0j), (0.06+0j), (-0+0j), (-0+0j), 0j, (0.002+0j), 0j, (-0.003+0j), (0.002+0j), (-0.056+0j), (-0+0j), (0.002+0j), (-0.001+0j), (-0.041+0j), 0j, (0.116+0j), (-0.079+0j), 0j, (-0+0j), 0j, 0j, (-0.002+0j), 0j, (0.003+0j), (-0.001+0j), (-0.033+0j), 0j, (-0.002+0j), (0.001+0j), (0.21+0j), 0j, (-0.318+0j), (0.202+0j), (-0+0j), 0j, (0.001+0j), 0j, (-0.22+0j), (-0.001+0j), (0.363+0j), (-0.233+0j), 0j, (0.001+0j), (-0.187+0j), (0.135+0j), (-0+0j), (-0.025+0j), 0j, (-0+0j), (-0+0j), 0j, 0j, (-0+0j), (0.001+0j), (-0+0j), (-0.001+0j), (0.001+0j), (0.052+0j), 0j, (0.001+0j), 0j, (-0.177+0j), (-0.001+0j), (0.251+0j), (-0.187+0j), 0j, 0j, 0j, (-0.001+0j), (0.202+0j), (0.002+0j), (-0.337+0j), (0.243+0j), (-0+0j), (-0.002+0j), (0.168+0j), (-0.102+0j), 0j, (-0.033+0j), (-0+0j), 0j, 0j, (-0+0j), (-0+0j), (0.001+0j), (-0.083+0j), (-0.002+0j), (0.135+0j), (-0.07+0j), 0j, (0.002+0j), (-0.056+0j), (-0.06+0j), (-0+0j), (0.145+0j), 0j, 0j, (-0+0j), (-0.001+0j), (-0.015+0j), (0.116+0j), 0j, (-0.177+0j), 0j, (-0+0j), 0j, (0.09+0j), (-0+0j), 0j, 0j, (-0+0j), (-0+0j), 0j, 0j]"
7,-3.911,-4.049,-4.049,(0.003+0j),701.67,1.906,"[0j, (-0+0j), 0j, 0j, (-0+0j), 0j, 0j, (-0.023+0j), 0j, 0j, 0j, (-0.005+0j), 0j, (0.024+0j), (-0.029+0j), 0j, 0j, 0j, 0j, (0.024+0j), 0j, (-0.114+0j), (0.136+0j), 0j, 0j, (0.17+0j), (-0.203+0j), 0j, (0.103+0j), 0j, 0j, (-0+0j), (-0+0j), 0j, 0j, (-0.044+0j), 0j, (0.214+0j), (-0.255+0j), 0j, 0j, (-0.317+0j), (0.379+0j), 0j, (-0.192+0j), 0j, 0j, (-0+0j), 0j, (0.215+0j), (-0.257+0j), 0j, (0.13+0j), 0j, 0j, 0j, (-0.001+0j), 0j, 0j, 0j, 0j, (-0+0j), 0j, 0j, 0j, 0j, 0j, (0.036+0j), 0j, (-0.176+0j), (0.21+0j), 0j, 0j, (0.261+0j), (-0.312+0j), 0j, (0.158+0j), 0j, 0j, 0j, 0j, (-0.177+0j), (0.211+0j), 0j, (-0.107+0j), 0j, 0j, 0j, (0.001+0j), 0j, 0j, 0j, 0j, (-0+0j), 0j, 0j, 0j, (0.046+0j), (-0.055+0j), 0j, (0.028+0j), 0j, 0j, 0j, (-0+0j), 0j, 0j, (-0+0j), 0j, 0j, 0j, 0j, (-0.052+0j), 0j, 0j, (-0+0j), 0j, (-0+0j), 0j, 0j, 0j, 0j, (-0+0j), 0j, 0j, 0j, 0j, 0j]","[0j, 0j, (-0+0j), (-0+0j), 0j, 0j, 0j, 0j, 0j, 0j, (-0+0j), (-0.001+0j), (-0+0j), (0.001+0j), (-0.001+0j), (0.06+0j), (-0+0j), (-0+0j), 0j, (0.002+0j), 0j, (-0.003+0j), (0.002+0j), (-0.056+0j), (-0+0j), (0.002+0j), (-0.001+0j), (-0.041+0j), 0j, (0.116+0j), (-0.079+0j), 0j, (-0+0j), 0j, 0j, (-0.002+0j), 0j, (0.003+0j), (-0.001+0j), (-0.033+0j), 0j, (-0.002+0j), (0.001+0j), (0.21+0j), 0j, (-0.318+0j), (0.202+0j), (-0+0j), 0j, (0.001+0j), 0j, (-0.22+0j), (-0.001+0j), (0.363+0j), (-0.233+0j), 0j, (0.001+0j), (-0.187+0j), (0.135+0j), (-0+0j), (-0.025+0j), 0j, (-0+0j), (-0+0j), 0j, 0j, (-0+0j), (0.001+0j), (-0+0j), (-0.001+0j), (0.001+0j), (0.052+0j), 0j, (0.001+0j), 0j, (-0.177+0j), (-0.001+0j), (0.251+0j), (-0.187+0j), 0j, 0j, 0j, (-0.001+0j), (0.202+0j), (0.002+0j), (-0.337+0j), (0.243+0j), (-0+0j), (-0.002+0j), (0.168+0j), (-0.102+0j), 0j, (-0.033+0j), (-0+0j), 0j, 0j, (-0+0j), (-0+0j), (0.001+0j), (-0.083+0j), (-0.002+0j), (0.135+0j), (-0.07+0j), 0j, (0.002+0j), (-0.056+0j), (-0.06+0j), (-0+0j), (0.145+0j), 0j, 0j, (-0+0j), (-0.001+0j), (-0.015+0j), (0.116+0j), 0j, (-0.177+0j), 0j, (-0+0j), 0j, (0.09+0j), (-0+0j), 0j, 0j, (-0+0j), (-0+0j), 0j, 0j]"
7,-3.891,-4.049,-4.049,(-0.85+0j),1427.234,4.577,"[0j, 0j, 0j, 0j, 0j, (-0+0j), 0j, 0j, 0j, 0j, (-0+0j), 0j, 0j, 0j, 0j, (-0.005+0j), 0j, 0j, (-0+0j), 0j, 0j, 0j, 0j, 0j, (-0+0j), 0j, 0j, (-0.003+0j), 0j, (0.005+0j), (-0.004+0j), 0j, 0j, 0j, (-0+0j), 0j, (-0+0j), 0j, 0j, (0.009+0j), 0j, 0j, 0j, (-0.09+0j), 0j, (0.178+0j), (-0.153+0j), 0j, 0j, 0j, 0j, (0.15+0j), 0j, (-0.296+0j), (0.254+0j), 0j, 0j, (0.217+0j), (-0.186+0j), 0j, (0.055+0j), 0j, 0j, 0j, 0j, (-0+0j), 0j, 0j, 0j, 0j, 0j, (-0.011+0j), (-0+0j), 0j, 0j, (0.117+0j), 0j, (-0.231+0j), (0.198+0j), 0j, (-0+0j), 0j, 0j, (-0.195+0j), 0j, (0.383+0j), (-0.329+0j), 0j, 0j, (-0.281+0j), (0.241+0j), 0j, (-0.071+0j), 0j, 0j, (-0+0j), (-0+0j), 0j, 0j, (0.108+0j), 0j, (-0.212+0j), (0.182+0j), 0j, 0j, (0.155+0j), (-0.133+0j), 0j, (0.039+0j), 0j, 0j, (-0+0j), 0j, (-0.032+0j), (0.028+0j), 0j, (-0.008+0j), 0j, 0j, 0j, (-0.023+0j), 0j, 0j, (-0+0j), 0j, 0j, (-0+0j), 0j]","[0j, 0j, (-0+0j), (-0+0j), 0j, 0j, 0j, 0j, 0j, 0j, (-0+0j), (-0.001+0j), (-0+0j), (0.001+0j), (-0.001+0j), (0.06+0j), (-0+0j), (-0+0j), 0j, (0.002+0j), 0j, (-0.003+0j), (0.002+0j), (-0.056+0j), (-0+0j), (0.002+0j), (-0.001+0j), (-0.041+0j), 0j, (0.116+0j), (-0.079+0j), 0j, (-0+0j), 0j, 0j, (-0.002+0j), 0j, (0.003+0j), (-0.001+0j), (-0.033+0j), 0j, (-0.002+0j), (0.001+0j), (0.21+0j), 0j, (-0.318+0j), (0.202+0j), (-0+0j), 0j, (0.001+0j), 0j, (-0.22+0j), (-0.001+0j), (0.363+0j), (-0.233+0j), 0j, (0.001+0j), (-0.187+0j), (0.135+0j), (-0+0j), (-0.025+0j), 0j, (-0+0j), (-0+0j), 0j, 0j, (-0+0j), (0.001+0j), (-0+0j), (-0.001+0j), (0.001+0j), (0.052+0j), 0j, (0.001+0j), 0j, (-0.177+0j), (-0.001+0j), (0.251+0j), (-0.187+0j), 0j, 0j, 0j, (-0.001+0j), (0.202+0j), (0.002+0j), (-0.337+0j), (0.243+0j), (-0+0j), (-0.002+0j), (0.168+0j), (-0.102+0j), 0j, (-0.033+0j), (-0+0j), 0j, 0j, (-0+0j), (-0+0j), (0.001+0j), (-0.083+0j), (-0.002+0j), (0.135+0j), (-0.07+0j), 0j, (0.002+0j), (-0.056+0j), (-0.06+0j), (-0+0j), (0.145+0j), 0j, 0j, (-0+0j), (-0.001+0j), (-0.015+0j), (0.116+0j), 0j, (-0.177+0j), 0j, (-0+0j), 0j, (0.09+0j), (-0+0j), 0j, 0j, (-0+0j), (-0+0j), 0j, 0j]"
7,-3.074,-3.247,-3.247,(-0+0j),2207.84,3.377,"[0j, (-0+0j), 0j, 0j, (-0+0j), 0j, 0j, 0j, 0j, 0j, 0j, (-0+0j), 0j, 0j, (-0+0j), 0j, 0j, 0j, 0j, (-0+0j), 0j, 0j, (-0+0j), 0j, 0j, (-0+0j), 0j, 0j, (-0+0j), 0j, 0j, (0.055+0j), 0j, 0j, 0j, (-0+0j), 0j, (-0+0j), (-0+0j), 0j, 0j, (-0+0j), 0j, 0j, (-0+0j), 0j, 0j, (0.095+0j), 0j, (-0+0j), 0j, 0j, (-0+0j), 0j, 0j, (-0.265+0j), 0j, 0j, 0j, (0.355+0j), 0j, (-0.337+0j), (0.249+0j), 0j, 0j, 0j, 0j, (-0+0j), 0j, 0j, (-0+0j), 0j, 0j, (-0+0j), 0j, 0j, (-0+0j), 0j, 0j, (-0.104+0j), 0j, (-0+0j), (-0+0j), 0j, 0j, 0j, 0j, (0.288+0j), (-0+0j), 0j, 0j, (-0.385+0j), 0j, (0.366+0j), (-0.271+0j), 0j, 0j, 0j, (-0+0j), 0j, 0j, 0j, 0j, (-0.138+0j), (-0+0j), 0j, 0j, (0.185+0j), 0j, (-0.176+0j), (0.13+0j), 0j, (-0+0j), 0j, 0j, (0.037+0j), 0j, (-0.035+0j), (0.026+0j), 0j, 0j, (0.158+0j), (-0.117+0j), 0j, (0.155+0j), 0j, 0j, (-0+0j)]","[0j, 0j, (-0+0j), (-0+0j), 0j, 0j, 0j, 0j, 0j, 0j, (-0+0j), (-0.001+0j), (-0+0j), (0.001+0j), (-0.001+0j), (0.06+0j), (-0+0j), (-0+0j), 0j, (0.002+0j), 0j, (-0.003+0j), (0.002+0j), (-0.056+0j), (-0+0j), (0.002+0j), (-0.001+0j), (-0.041+0j), 0j, (0.116+0j), (-0.079+0j), 0j, (-0+0j), 0j, 0j, (-0.002+0j), 0j, (0.003+0j), (-0.001+0j), (-0.033+0j), 0j, (-0.002+0j), (0.001+0j), (0.21+0j), 0j, (-0.318+0j), (0.202+0j), (-0+0j), 0j, (0.001+0j), 0j, (-0.22+0j), (-0.001+0j), (0.363+0j), (-0.233+0j), 0j, (0.001+0j), (-0.187+0j), (0.135+0j), (-0+0j), (-0.025+0j), 0j, (-0+0j), (-0+0j), 0j, 0j, (-0+0j), (0.001+0j), (-0+0j), (-0.001+0j), (0.001+0j), (0.052+0j), 0j, (0.001+0j), 0j, (-0.177+0j), (-0.001+0j), (0.251+0j), (-0.187+0j), 0j, 0j, 0j, (-0.001+0j), (0.202+0j), (0.002+0j), (-0.337+0j), (0.243+0j), (-0+0j), (-0.002+0j), (0.168+0j), (-0.102+0j), 0j, (-0.033+0j), (-0+0j), 0j, 0j, (-0+0j), (-0+0j), (0.001+0j), (-0.083+0j), (-0.002+0j), (0.135+0j), (-0.07+0j), 0j, (0.002+0j), (-0.056+0j), (-0.06+0j), (-0+0j), (0.145+0j), 0j, 0j, (-0+0j), (-0.001+0j), (-0.015+0j), (0.116+0j), 0j, (-0.177+0j), 0j, (-0+0j), 0j, (0.09+0j), (-0+0j), 0j, 0j, (-0+0j), (-0+0j), 0j, 0j]"
7,-1.802,-1.909,-1.802,0j,2555.06,3.124,"[0j, 0j, 0j, (-0+0j), 0j, 0j, (-0+0j), 0j, 0j, (-0+0j), 0j, 0j, (-0+0j), 0j, 0j, 0j, 0j, 0j, (-0+0j), 0j, (-0+0j), 0j, 0j, 0j, 0j, 0j, 0j, (-0+0j), 0j, 0j, (-0+0j), 0j, 0j, (-0+0j), 0j, 0j, (-0+0j), 0j, 0j, 0j, 0j, 0j, 0j, 0j, 0j, 0j, (-0+0j), 0j, (-0+0j), 0j, 0j, 0j, 0j, 0j, (-0+0j), 0j, 0j, 0j, (-0+0j), 0j, 0j, 0j, 0j, (-0.335+0j), 0j, (-0+0j), 0j, 0j, (-0+0j), 0j, 0j, (-0+0j), (-0+0j), 0j, 0j, 0j, 0j, (-0+0j), 0j, 0j, (-0+0j), 0j, 0j, 0j, 0j, (-0+0j), 0j, 0j, 0j, (-0+0j), 0j, 0j, 0j, 0j, 0j, (0.122+0j), 0j, 0j, 0j, 0j, 0j, (-0+0j), 0j, 0j, 0j, (-0+0j), 0j, 0j, 0j, 0j, 0j, (0.116+0j), 0j, 0j, 0j, 0j, 0j, 0j, 0j, (-0.331+0j), (-0+0j), 0j, 0j, (0.48+0j), 0j, (-0.535+0j), (0.483+0j), 0j]","[0j, 0j, (-0+0j), (-0+0j), 0j, 0j, 0j, 0j, 0j, 0j, (-0+0j), (-0.001+0j), (-0+0j), (0.001+0j), (-0.001+0j), (0.06+0j), (-0+0j), (-0+0j), 0j, (0.002+0j), 0j, (-0.003+0j), (0.002+0j), (-0.056+0j), (-0+0j), (0.002+0j), (-0.001+0j), (-0.041+0j), 0j, (0.116+0j), (-0.079+0j), 0j, (-0+0j), 0j, 0j, (-0.002+0j), 0j, (0.003+0j), (-0.001+0j), (-0.033+0j), 0j, (-0.002+0j), (0.001+0j), (0.21+0j), 0j, (-0.318+0j), (0.202+0j), (-0+0j), 0j, (0.001+0j), 0j, (-0.22+0j), (-0.001+0j), (0.363+0j), (-0.233+0j), 0j, (0.001+0j), (-0.187+0j), (0.135+0j), (-0+0j), (-0.025+0j), 0j, (-0+0j), (-0+0j), 0j, 0j, (-0+0j), (0.001+0j), (-0+0j), (-0.001+0j), (0.001+0j), (0.052+0j), 0j, (0.001+0j), 0j, (-0.177+0j), (-0.001+0j), (0.251+0j), (-0.187+0j), 0j, 0j, 0j, (-0.001+0j), (0.202+0j), (0.002+0j), (-0.337+0j), (0.243+0j), (-0+0j), (-0.002+0j), (0.168+0j), (-0.102+0j), 0j, (-0.033+0j), (-0+0j), 0j, 0j, (-0+0j), (-0+0j), (0.001+0j), (-0.083+0j), (-0.002+0j), (0.135+0j), (-0.07+0j), 0j, (0.002+0j), (-0.056+0j), (-0.06+0j), (-0+0j), (0.145+0j), 0j, 0j, (-0+0j), (-0.001+0j), (-0.015+0j), (0.116+0j), 0j, (-0.177+0j), 0j, (-0+0j), 0j, (0.09+0j), (-0+0j), 0j, 0j, (-0+0j), (-0+0j), 0j, 0j]"
8,-1.807,-2.0,-2.0,(-0+0j),179.196,8.362,"[0j, (0.024+0j), (0.043+0j), 0j, (-0.264+0j), 0j, 0j, (-0+0j), (0.435+0j), 0j, 0j, 0j, 0j, 0j, 0j, 0j, (-0.523+0j), 0j, 0j, (-0+0j), 0j, 0j, 0j, 0j, 0j, 0j, 0j, 0j, (-0+0j), 0j, 0j, 0j, (0.511+0j), 0j, 0j, 0j, 0j, (-0+0j), (-0+0j), 0j, 0j, 0j, 0j, 0j, (-0+0j), 0j, 0j, 0j, 0j, (-0+0j), (-0+0j), 0j, 0j, 0j, 0j, 0j, (-0+0j), 0j, 0j, 0j, 0j, (-0+0j), (-0+0j), 0j, (-0.4+0j), 0j, 0j, 0j, 0j, 0j, 0j, 0j, 0j, 0j, 0j, 0j, (-0+0j), 0j, 0j, (-0+0j), 0j, (-0+0j), (-0+0j), 0j, 0j, 0j, 0j, (-0+0j), (-0+0j), 0j, 0j, 0j, 0j, 0j, 0j, 0j, 0j, 0j, 0j, 0j, (-0+0j), 0j, 0j, 0j, 0j, 0j, 0j, 0j, 0j, 0j, 0j, 0j, (-0+0j), 0j, 0j, 0j, 0j, (-0+0j), (-0+0j), 0j, 0j, (-0+0j), (-0+0j), 0j, 0j, 0j, 0j, (-0+0j), (0.209+0j), 0j, 0j, (-0+0j), 0j, (-0+0j), (-0+0j), 0j, 0j, (-0+0j), (-0+0j), 0j, 0j, 0j, 0j, (-0+0j), 0j, (-0+0j), (-0+0j), 0j, 0j, 0j, 0j, 0j, (-0+0j), 0j, 0j, 0j, 0j, 0j, 0j, 0j, 0j, 0j, 0j, 0j, (-0+0j), 0j, 0j, 0j, 0j, 0j, 0j, 0j, 0j, 0j, 0j, 0j, (-0+0j), 0j, 0j, 0j, 0j, (-0+0j), (-0+0j), 0j, 0j, (-0+0j), (-0+0j), 0j, 0j, 0j, 0j, 0j, 0j, 0j, 0j, 0j, (-0+0j), 0j, 0j, 0j, 0j, 0j, 0j, 0j, 0j, (-0+0j), (-0+0j), 0j, (-0+0j), 0j, 0j, (-0+0j), 0j, (-0+0j), (-0+0j), 0j, 0j, (-0+0j), (-0+0j), 0j, 0j, 0j, 0j, (-0+0j), 0j, 0j, 0j, 0j, 0j, (-0+0j), (-0+0j), 0j, 0j, 0j, 0j, 0j, (-0+0j), 0j, 0j, (-0+0j), 0j, (-0+0j), (-0+0j), 0j, 0j, 0j, 0j, (-0+0j), (-0+0j), 0j, 0j, 0j, 0j, (-0+0j), (-0+0j), 0j]","[0j, 0j, 0j, 0j, (-0+0j), (-0+0j), 0j, 0j, 0j, (-0+0j), 0j, 0j, 0j, (-0+0j), (-0+0j), (0.026+0j), 0j, (-0+0j), 0j, 0j, 0j, (-0+0j), (-0+0j), (-0.068+0j), (-0+0j), 0j, (-0+0j), (0.088+0j), (-0+0j), (-0.068+0j), (0.026+0j), (-0+0j), (-0+0j), (-0+0j), 0j, (-0+0j), 0j, (-0+0j), (-0+0j), (0.088+0j), (-0+0j), 0j, (-0+0j), (-0.163+0j), 0j, (0.151+0j), (-0.068+0j), (-0+0j), 0j, (-0+0j), 0j, (0.125+0j), (-0+0j), (-0.163+0j), (0.088+0j), 0j, (-0+0j), (0.088+0j), (-0.068+0j), 0j, (0.026+0j), (-0+0j), 0j, 0j, 0j, (-0+0j), 0j, (-0+0j), 0j, (-0+0j), 0j, (-0.068+0j), (-0+0j), 0j, (-0+0j), (0.151+0j), 0j, (-0.163+0j), (0.088+0j), 0j, 0j, 0j, (-0+0j), (-0.163+0j), 0j, (0.25+0j), (-0.163+0j), 0j, 0j, (-0.163+0j), (0.151+0j), 0j, (-0.068+0j), 0j, (-0+0j), 0j, 0j, (-0+0j), (-0+0j), (0.088+0j), 0j, (-0.163+0j), (0.125+0j), 0j, 0j, (0.151+0j), (-0.163+0j), (-0+0j), (0.088+0j), 0j, 0j, 0j, 0j, (-0.068+0j), (0.088+0j), 0j, (-0.068+0j), 0j, (-0+0j), 0j, (0.026+0j), 0j, 0j, 0j, 0j, 0j, 0j, 0j, (-0+0j), (-0+0j), 0j, 0j, (-0+0j), 0j, 0j, (0.026+0j), (-0+0j), (-0+0j), 0j, (-0.068+0j), (-0+0j), (0.088+0j), (-0.068+0j), 0j, (-0+0j), 0j, (-0+0j), (0.088+0j), (-0+0j), (-0.163+0j), (0.151+0j), (-0+0j), 0j, (0.125+0j), (-0.163+0j), 0j, (0.088+0j), (-0+0j), (-0+0j), 0j, (-0+0j), (-0+0j), 0j, (-0.068+0j), 0j, (0.151+0j), (-0.163+0j), 0j, 0j, (-0.163+0j), (0.25+0j), 0j, (-0.163+0j), 0j, 0j, 0j, 0j, (0.088+0j), (-0.163+0j), 0j, (0.151+0j), 0j, 0j, 0j, (-0.068+0j), (-0+0j), 0j, 0j, 0j, 0j, 0j, 0j, (-0+0j), (-0+0j), 0j, (0.026+0j), (-0+0j), (-0.068+0j), (0.088+0j), 0j, 0j, (0.088+0j), (-0.163+0j), 0j, (0.125+0j), (-0+0j), 0j, 0j, (-0+0j), (-0.068+0j), (0.151+0j), 0j, (-0.163+0j), 0j, (-0+0j), 0j, (0.088+0j), 0j, 0j, 0j, 0j, 0j, 0j, 0j, (-0+0j), (0.026+0j), (-0.068+0j), (-0+0j), (0.088+0j), 0j, (-0+0j), 0j, (-0.068+0j), 0j, 0j, 0j, (-0+0j), 0j, 0j, 0j, (0.026+0j), (-0+0j), 0j, 0j, (-0+0j), 0j, 0j, 0j, 0j, 0j, 0j, 0j, 0j, 0j, 0j, 0j]"
8,-3.555,-3.696,-3.696,(-0+0j),886.881,7.147,"[(-0+0j), 0j, 0j, (0.094+0j), 0j, (-0.103+0j), (0.123+0j), 0j, 0j, (0.136+0j), (-0.162+0j), 0j, (0.156+0j), 0j, 0j, (-0+0j), 0j, (-0.181+0j), (0.217+0j), 0j, (-0.208+0j), 0j, 0j, 0j, (0.171+0j), 0j, 0j, (-0+0j), 0j, 0j, (-0+0j), 0j, 0j, (0.22+0j), (-0.263+0j), 0j, (0.253+0j), 0j, 0j, 0j, (-0.208+0j), 0j, 0j, 0j, 0j, (-0+0j), 0j, 0j, (0.156+0j), 0j, 0j, (-0+0j), 0j, 0j, (-0+0j), 0j, 0j, (-0+0j), 0j, 0j, (-0+0j), 0j, 0j, 0j, 0j, (-0.229+0j), (0.274+0j), 0j, (-0.263+0j), 0j, 0j, 0j, (0.217+0j), 0j, 0j, 0j, 0j, (-0+0j), (-0+0j), 0j, (-0.162+0j), 0j, 0j, 0j, 0j, 0j, (-0+0j), 0j, 0j, 0j, (-0+0j), 0j, (-0+0j), 0j, 0j, 0j, (0.123+0j), 0j, 0j, 0j, 0j, 0j, (-0+0j), 0j, 0j, 0j, (-0+0j), 0j, (-0+0j), 0j, 0j, (-0+0j), 0j, 0j, (-0+0j), 0j, 0j, 0j, 0j, (-0+0j), (-0+0j), 0j, 0j, (-0+0j), 0j, 0j, 0j, 0j, 0j, (0.192+0j), (-0.229+0j), 0j, (0.22+0j), 0j, 0j, 0j, (-0.181+0j), 0j, 0j, (-0+0j), 0j, 0j, (-0+0j), 0j, (0.136+0j), 0j, 0j, (-0+0j), 0j, 0j, (-0+0j), 0j, 0j, (-0+0j), 0j, 0j, (-0+0j), 0j, 0j, (-0+0j), (-0.103+0j), 0j, 0j, (-0+0j), 0j, (-0+0j), 0j, 0j, 0j, 0j, (-0+0j), 0j, 0j, 0j, 0j, 0j, 0j, (-0+0j), 0j, 0j, (-0+0j), 0j, 0j, (-0+0j), 0j, 0j, 0j, 0j, 0j, 0j, (-0+0j), 0j, (0.094+0j), 0j, 0j, (-0+0j), 0j, (-0+0j), 0j, 0j, 0j, (-0+0j), 0j, 0j, 0j, 0j, 0j, 0j, 0j, 0j, (-0+0j), 0j, 0j, 0j, 0j, (-0+0j), 0j, 0j, 0j, 0j, 0j, (-0+0j), (-0+0j), 0j, 0j, 0j, (-0+0j), 0j, 0j, 0j, 0j, 0j, (-0+0j), 0j, 0j, (-0+0j), 0j, 0j, (-0+0j), 0j, (-0+0j), 0j, 0j, (-0+0j), 0j, 0j, (-0+0j), 0j, 0j, 0j, (-0+0j), 0j, 0j, 0j, 0j, (-0+0j)]","[0j, 0j, 0j, 0j, (-0+0j), (-0+0j), 0j, 0j, 0j, (-0+0j), 0j, 0j, 0j, (-0+0j), (-0+0j), (0.026+0j), 0j, (-0+0j), 0j, 0j, 0j, (-0+0j), (-0+0j), (-0.068+0j), (-0+0j), 0j, (-0+0j), (0.088+0j), (-0+0j), (-0.068+0j), (0.026+0j), (-0+0j), (-0+0j), (-0+0j), 0j, (-0+0j), 0j, (-0+0j), (-0+0j), (0.088+0j), (-0+0j), 0j, (-0+0j), (-0.163+0j), 0j, (0.151+0j), (-0.068+0j), (-0+0j), 0j, (-0+0j), 0j, (0.125+0j), (-0+0j), (-0.163+0j), (0.088+0j), 0j, (-0+0j), (0.088+0j), (-0.068+0j), 0j, (0.026+0j), (-0+0j), 0j, 0j, 0j, (-0+0j), 0j, (-0+0j), 0j, (-0+0j), 0j, (-0.068+0j), (-0+0j), 0j, (-0+0j), (0.151+0j), 0j, (-0.163+0j), (0.088+0j), 0j, 0j, 0j, (-0+0j), (-0.163+0j), 0j, (0.25+0j), (-0.163+0j), 0j, 0j, (-0.163+0j), (0.151+0j), 0j, (-0.068+0j), 0j, (-0+0j), 0j, 0j, (-0+0j), (-0+0j), (0.088+0j), 0j, (-0.163+0j), (0.125+0j), 0j, 0j, (0.151+0j), (-0.163+0j), (-0+0j), (0.088+0j), 0j, 0j, 0j, 0j, (-0.068+0j), (0.088+0j), 0j, (-0.068+0j), 0j, (-0+0j), 0j, (0.026+0j), 0j, 0j, 0j, 0j, 0j, 0j, 0j, (-0+0j), (-0+0j), 0j, 0j, (-0+0j), 0j, 0j, (0.026+0j), (-0+0j), (-0+0j), 0j, (-0.068+0j), (-0+0j), (0.088+0j), (-0.068+0j), 0j, (-0+0j), 0j, (-0+0j), (0.088+0j), (-0+0j), (-0.163+0j), (0.151+0j), (-0+0j), 0j, (0.125+0j), (-0.163+0j), 0j, (0.088+0j), (-0+0j), (-0+0j), 0j, (-0+0j), (-0+0j), 0j, (-0.068+0j), 0j, (0.151+0j), (-0.163+0j), 0j, 0j, (-0.163+0j), (0.25+0j), 0j, (-0.163+0j), 0j, 0j, 0j, 0j, (0.088+0j), (-0.163+0j), 0j, (0.151+0j), 0j, 0j, 0j, (-0.068+0j), (-0+0j), 0j, 0j, 0j, 0j, 0j, 0j, (-0+0j), (-0+0j), 0j, (0.026+0j), (-0+0j), (-0.068+0j), (0.088+0j), 0j, 0j, (0.088+0j), (-0.163+0j), 0j, (0.125+0j), (-0+0j), 0j, 0j, (-0+0j), (-0.068+0j), (0.151+0j), 0j, (-0.163+0j), 0j, (-0+0j), 0j, (0.088+0j), 0j, 0j, 0j, 0j, 0j, 0j, 0j, (-0+0j), (0.026+0j), (-0.068+0j), (-0+0j), (0.088+0j), 0j, (-0+0j), 0j, (-0.068+0j), 0j, 0j, 0j, (-0+0j), 0j, 0j, 0j, (0.026+0j), (-0+0j), 0j, 0j, (-0+0j), 0j, 0j, 0j, 0j, 0j, 0j, 0j, 0j, 0j, 0j, 0j]"
8,-4.529,-4.828,-4.828,(-0+0j),1660.228,7.733,"[0j, 0j, (-0+0j), 0j, 0j, 0j, 0j, (0.023+0j), 0j, 0j, 0j, (0.016+0j), 0j, (-0.025+0j), (0.029+0j), 0j, (-0+0j), 0j, 0j, (-0.045+0j), 0j, (0.068+0j), (-0.079+0j), 0j, 0j, (-0.097+0j), (0.112+0j), 0j, (-0.086+0j), 0j, 0j, 0j, 0j, 0j, 0j, (0.072+0j), 0j, (-0.11+0j), (0.127+0j), 0j, 0j, (0.156+0j), (-0.18+0j), 0j, (0.139+0j), 0j, 0j, (-0+0j), 0j, (-0.159+0j), (0.183+0j), 0j, (-0.141+0j), 0j, 0j, 0j, (0.093+0j), 0j, 0j, (-0+0j), 0j, 0j, 0j, 0j, 0j, 0j, 0j, (-0.094+0j), 0j, (0.144+0j), (-0.166+0j), 0j, 0j, (-0.205+0j), (0.236+0j), 0j, (-0.182+0j), 0j, 0j, 0j, 0j, (0.208+0j), (-0.24+0j), 0j, (0.185+0j), 0j, 0j, (-0+0j), (-0.121+0j), 0j, 0j, (-0+0j), 0j, 0j, 0j, 0j, 0j, (-0.152+0j), (0.175+0j), 0j, (-0.135+0j), 0j, 0j, (-0+0j), (0.089+0j), 0j, 0j, (-0+0j), 0j, 0j, 0j, 0j, (-0.07+0j), 0j, 0j, 0j, 0j, (-0+0j), 0j, 0j, 0j, 0j, (-0+0j), 0j, 0j, 0j, 0j, (-0+0j), 0j, 0j, 0j, (0.08+0j), 0j, (-0.122+0j), (0.141+0j), 0j, 0j, (0.174+0j), (-0.201+0j), 0j, (0.155+0j), 0j, 0j, (-0+0j), 0j, (-0.177+0j), (0.204+0j), 0j, (-0.157+0j), 0j, 0j, 0j, (0.103+0j), 0j, 0j, (-0+0j), 0j, (-0+0j), 0j, 0j, 0j, (0.129+0j), (-0.149+0j), 0j, (0.115+0j), 0j, 0j, 0j, (-0.075+0j), 0j, 0j, (-0+0j), 0j, 0j, (-0+0j), 0j, (0.059+0j), 0j, 0j, (-0+0j), 0j, (-0+0j), 0j, 0j, 0j, (-0+0j), 0j, 0j, (-0+0j), 0j, 0j, (-0+0j), 0j, (-0.088+0j), (0.102+0j), 0j, (-0.078+0j), 0j, 0j, 0j, (0.052+0j), 0j, 0j, (-0+0j), 0j, 0j, 0j, 0j, (-0.041+0j), 0j, 0j, 0j, 0j, (-0+0j), 0j, 0j, 0j, 0j, 0j, 0j, 0j, 0j, 0j, (-0+0j), (0.043+0j), 0j, 0j, (-0+0j), 0j, (-0+0j), (-0+0j), 0j, 0j, 0j, 0j, 0j, (-0+0j), 0j, 0j, (-0+0j), 0j, 0j, (-0+0j), 0j, 0j, 0j, 0j, (-0+0j), 0j, 0j, 0j, (-0+0j), 0j, 0j, (-0+0j), 0j]","[0j, 0j, 0j, 0j, (-0+0j), (-0+0j), 0j, 0j, 0j, (-0+0j), 0j, 0j, 0j, (-0+0j), (-0+0j), (0.026+0j), 0j, (-0+0j), 0j, 0j, 0j, (-0+0j), (-0+0j), (-0.068+0j), (-0+0j), 0j, (-0+0j), (0.088+0j), (-0+0j), (-0.068+0j), (0.026+0j), (-0+0j), (-0+0j), (-0+0j), 0j, (-0+0j), 0j, (-0+0j), (-0+0j), (0.088+0j), (-0+0j), 0j, (-0+0j), (-0.163+0j), 0j, (0.151+0j), (-0.068+0j), (-0+0j), 0j, (-0+0j), 0j, (0.125+0j), (-0+0j), (-0.163+0j), (0.088+0j), 0j, (-0+0j), (0.088+0j), (-0.068+0j), 0j, (0.026+0j), (-0+0j), 0j, 0j, 0j, (-0+0j), 0j, (-0+0j), 0j, (-0+0j), 0j, (-0.068+0j), (-0+0j), 0j, (-0+0j), (0.151+0j), 0j, (-0.163+0j), (0.088+0j), 0j, 0j, 0j, (-0+0j), (-0.163+0j), 0j, (0.25+0j), (-0.163+0j), 0j, 0j, (-0.163+0j), (0.151+0j), 0j, (-0.068+0j), 0j, (-0+0j), 0j, 0j, (-0+0j), (-0+0j), (0.088+0j), 0j, (-0.163+0j), (0.125+0j), 0j, 0j, (0.151+0j), (-0.163+0j), (-0+0j), (0.088+0j), 0j, 0j, 0j, 0j, (-0.068+0j), (0.088+0j), 0j, (-0.068+0j), 0j, (-0+0j), 0j, (0.026+0j), 0j, 0j, 0j, 0j, 0j, 0j, 0j, (-0+0j), (-0+0j), 0j, 0j, (-0+0j), 0j, 0j, (0.026+0j), (-0+0j), (-0+0j), 0j, (-0.068+0j), (-0+0j), (0.088+0j), (-0.068+0j), 0j, (-0+0j), 0j, (-0+0j), (0.088+0j), (-0+0j), (-0.163+0j), (0.151+0j), (-0+0j), 0j, (0.125+0j), (-0.163+0j), 0j, (0.088+0j), (-0+0j), (-0+0j), 0j, (-0+0j), (-0+0j), 0j, (-0.068+0j), 0j, (0.151+0j), (-0.163+0j), 0j, 0j, (-0.163+0j), (0.25+0j), 0j, (-0.163+0j), 0j, 0j, 0j, 0j, (0.088+0j), (-0.163+0j), 0j, (0.151+0j), 0j, 0j, 0j, (-0.068+0j), (-0+0j), 0j, 0j, 0j, 0j, 0j, 0j, (-0+0j), (-0+0j), 0j, (0.026+0j), (-0+0j), (-0.068+0j), (0.088+0j), 0j, 0j, (0.088+0j), (-0.163+0j), 0j, (0.125+0j), (-0+0j), 0j, 0j, (-0+0j), (-0.068+0j), (0.151+0j), 0j, (-0.163+0j), 0j, (-0+0j), 0j, (0.088+0j), 0j, 0j, 0j, 0j, 0j, 0j, 0j, (-0+0j), (0.026+0j), (-0.068+0j), (-0+0j), (0.088+0j), 0j, (-0+0j), 0j, (-0.068+0j), 0j, 0j, 0j, (-0+0j), 0j, 0j, 0j, (0.026+0j), (-0+0j), 0j, 0j, (-0+0j), 0j, 0j, 0j, 0j, 0j, 0j, 0j, 0j, 0j, 0j, 0j]"
8,-4.894,-5.226,-5.226,(0.931+0j),2428.166,7.451,"[(-0+0j), 0j, 0j, (-0+0j), 0j, 0j, (-0+0j), 0j, 0j, (-0+0j), 0j, 0j, (-0+0j), 0j, 0j, (0.052+0j), 0j, 0j, (-0+0j), 0j, 0j, 0j, 0j, (-0.024+0j), (-0+0j), 0j, 0j, (0.032+0j), 0j, (-0.049+0j), (0.049+0j), 0j, 0j, (-0+0j), 0j, 0j, (-0+0j), 0j, 0j, (0.038+0j), 0j, 0j, 0j, (-0.051+0j), 0j, (0.079+0j), (-0.079+0j), 0j, (-0+0j), 0j, 0j, (0.075+0j), 0j, (-0.117+0j), (0.117+0j), 0j, 0j, (0.117+0j), (-0.117+0j), 0j, (0.076+0j), 0j, 0j, (-0+0j), 0j, 0j, (-0+0j), 0j, 0j, 0j, 0j, (-0.06+0j), 0j, 0j, 0j, (0.079+0j), 0j, (-0.123+0j), (0.124+0j), 0j, 0j, 0j, 0j, (-0.118+0j), 0j, (0.183+0j), (-0.184+0j), 0j, 0j, (-0.183+0j), (0.183+0j), 0j, (-0.118+0j), 0j, 0j, 0j, (-0+0j), 0j, 0j, (0.118+0j), 0j, (-0.184+0j), (0.184+0j), 0j, 0j, (0.184+0j), (-0.184+0j), 0j, (0.118+0j), 0j, 0j, 0j, 0j, (-0.123+0j), (0.123+0j), 0j, (-0.079+0j), 0j, 0j, 0j, (0.061+0j), 0j, 0j, 0j, 0j, (-0+0j), 0j, 0j, 0j, (-0+0j), 0j, 0j, (-0+0j), 0j, 0j, (0.06+0j), 0j, 0j, 0j, (-0.079+0j), 0j, (0.123+0j), (-0.124+0j), 0j, (-0+0j), 0j, 0j, (0.118+0j), 0j, (-0.183+0j), (0.184+0j), 0j, 0j, (0.183+0j), (-0.183+0j), 0j, (0.118+0j), 0j, 0j, 0j, 0j, 0j, 0j, (-0.118+0j), 0j, (0.184+0j), (-0.184+0j), 0j, 0j, (-0.184+0j), (0.184+0j), 0j, (-0.118+0j), 0j, 0j, 0j, 0j, (0.123+0j), (-0.123+0j), 0j, (0.079+0j), 0j, 0j, (-0+0j), (-0.061+0j), 0j, 0j, 0j, 0j, 0j, (-0+0j), 0j, 0j, 0j, 0j, (0.076+0j), 0j, (-0.119+0j), (0.119+0j), 0j, 0j, (0.119+0j), (-0.119+0j), 0j, (0.077+0j), 0j, 0j, 0j, 0j, (-0.08+0j), (0.08+0j), 0j, (-0.051+0j), 0j, 0j, (-0+0j), (0.039+0j), 0j, 0j, 0j, 0j, 0j, (-0+0j), 0j, 0j, (0.061+0j), (-0.061+0j), 0j, (0.039+0j), 0j, 0j, (-0+0j), (-0.03+0j), 0j, 0j, (-0+0j), 0j, 0j, (-0+0j), 0j, (0.031+0j), 0j, 0j, 0j, 0j, (-0+0j), 0j, 0j, 0j, 0j, (-0+0j), 0j, 0j, 0j, 0j, 0j]","[0j, 0j, 0j, 0j, (-0+0j), (-0+0j), 0j, 0j, 0j, (-0+0j), 0j, 0j, 0j, (-0+0j), (-0+0j), (0.026+0j), 0j, (-0+0j), 0j, 0j, 0j, (-0+0j), (-0+0j), (-0.068+0j), (-0+0j), 0j, (-0+0j), (0.088+0j), (-0+0j), (-0.068+0j), (0.026+0j), (-0+0j), (-0+0j), (-0+0j), 0j, (-0+0j), 0j, (-0+0j), (-0+0j), (0.088+0j), (-0+0j), 0j, (-0+0j), (-0.163+0j), 0j, (0.151+0j), (-0.068+0j), (-0+0j), 0j, (-0+0j), 0j, (0.125+0j), (-0+0j), (-0.163+0j), (0.088+0j), 0j, (-0+0j), (0.088+0j), (-0.068+0j), 0j, (0.026+0j), (-0+0j), 0j, 0j, 0j, (-0+0j), 0j, (-0+0j), 0j, (-0+0j), 0j, (-0.068+0j), (-0+0j), 0j, (-0+0j), (0.151+0j), 0j, (-0.163+0j), (0.088+0j), 0j, 0j, 0j, (-0+0j), (-0.163+0j), 0j, (0.25+0j), (-0.163+0j), 0j, 0j, (-0.163+0j), (0.151+0j), 0j, (-0.068+0j), 0j, (-0+0j), 0j, 0j, (-0+0j), (-0+0j), (0.088+0j), 0j, (-0.163+0j), (0.125+0j), 0j, 0j, (0.151+0j), (-0.163+0j), (-0+0j), (0.088+0j), 0j, 0j, 0j, 0j, (-0.068+0j), (0.088+0j), 0j, (-0.068+0j), 0j, (-0+0j), 0j, (0.026+0j), 0j, 0j, 0j, 0j, 0j, 0j, 0j, (-0+0j), (-0+0j), 0j, 0j, (-0+0j), 0j, 0j, (0.026+0j), (-0+0j), (-0+0j), 0j, (-0.068+0j), (-0+0j), (0.088+0j), (-0.068+0j), 0j, (-0+0j), 0j, (-0+0j), (0.088+0j), (-0+0j), (-0.163+0j), (0.151+0j), (-0+0j), 0j, (0.125+0j), (-0.163+0j), 0j, (0.088+0j), (-0+0j), (-0+0j), 0j, (-0+0j), (-0+0j), 0j, (-0.068+0j), 0j, (0.151+0j), (-0.163+0j), 0j, 0j, (-0.163+0j), (0.25+0j), 0j, (-0.163+0j), 0j, 0j, 0j, 0j, (0.088+0j), (-0.163+0j), 0j, (0.151+0j), 0j, 0j, 0j, (-0.068+0j), (-0+0j), 0j, 0j, 0j, 0j, 0j, 0j, (-0+0j), (-0+0j), 0j, (0.026+0j), (-0+0j), (-0.068+0j), (0.088+0j), 0j, 0j, (0.088+0j), (-0.163+0j), 0j, (0.125+0j), (-0+0j), 0j, 0j, (-0+0j), (-0.068+0j), (0.151+0j), 0j, (-0.163+0j), 0j, (-0+0j), 0j, (0.088+0j), 0j, 0j, 0j, 0j, 0j, 0j, 0j, (-0+0j), (0.026+0j), (-0.068+0j), (-0+0j), (0.088+0j), 0j, (-0+0j), 0j, (-0.068+0j), 0j, 0j, 0j, (-0+0j), 0j, 0j, 0j, (0.026+0j), (-0+0j), 0j, 0j, (-0+0j), 0j, 0j, 0j, 0j, 0j, 0j, 0j, 0j, 0j, 0j, 0j]"
8,-4.498,-4.828,-4.828,(-0+0j),3211.677,6.998,"[0j, 0j, (-0+0j), 0j, 0j, 0j, 0j, 0j, (-0+0j), 0j, 0j, (-0+0j), 0j, 0j, (-0+0j), 0j, (-0+0j), 0j, 0j, 0j, 0j, (-0+0j), 0j, 0j, 0j, 0j, (-0+0j), 0j, 0j, 0j, 0j, (0.046+0j), 0j, 0j, 0j, (-0+0j), 0j, 0j, (-0+0j), 0j, 0j, (-0+0j), 0j, 0j, (-0+0j), 0j, 0j, (0.013+0j), 0j, (-0+0j), 0j, 0j, 0j, 0j, 0j, (-0.019+0j), 0j, 0j, 0j, (0.031+0j), 0j, (-0.042+0j), (0.035+0j), 0j, 0j, 0j, 0j, (-0+0j), 0j, 0j, (-0+0j), 0j, 0j, (-0+0j), 0j, 0j, (-0+0j), 0j, 0j, (-0.042+0j), 0j, 0j, 0j, 0j, (-0+0j), 0j, 0j, (0.061+0j), 0j, 0j, 0j, (-0.101+0j), 0j, (0.135+0j), (-0.114+0j), 0j, 0j, 0j, (-0+0j), 0j, (-0+0j), 0j, 0j, (-0.094+0j), (-0+0j), 0j, 0j, (0.155+0j), 0j, (-0.207+0j), (0.174+0j), 0j, 0j, 0j, 0j, (-0.158+0j), 0j, (0.212+0j), (-0.179+0j), 0j, 0j, (-0.151+0j), (0.127+0j), 0j, (-0.082+0j), 0j, 0j, 0j, 0j, 0j, 0j, (-0+0j), 0j, 0j, (-0+0j), 0j, 0j, (-0+0j), 0j, 0j, (-0+0j), 0j, 0j, (0.05+0j), 0j, 0j, (-0+0j), 0j, 0j, 0j, 0j, (-0.072+0j), (-0+0j), 0j, 0j, (0.118+0j), 0j, (-0.158+0j), (0.133+0j), 0j, 0j, (-0+0j), 0j, 0j, 0j, 0j, 0j, (0.11+0j), (-0+0j), 0j, 0j, (-0.181+0j), 0j, (0.243+0j), (-0.205+0j), 0j, (-0+0j), 0j, 0j, (0.186+0j), 0j, (-0.249+0j), (0.209+0j), 0j, 0j, (0.177+0j), (-0.149+0j), 0j, (0.097+0j), 0j, 0j, (-0+0j), 0j, (-0+0j), 0j, 0j, (-0+0j), 0j, 0j, (-0.086+0j), (-0+0j), 0j, 0j, (0.142+0j), 0j, (-0.191+0j), (0.161+0j), 0j, (-0+0j), 0j, 0j, (-0.146+0j), 0j, (0.195+0j), (-0.164+0j), 0j, 0j, (-0.139+0j), (0.117+0j), 0j, (-0.076+0j), 0j, 0j, (-0+0j), (-0+0j), 0j, 0j, (0.095+0j), 0j, (-0.127+0j), (0.107+0j), 0j, 0j, (0.09+0j), (-0.076+0j), 0j, (0.049+0j), 0j, 0j, 0j, 0j, (-0.071+0j), (0.059+0j), 0j, (-0.038+0j), 0j, 0j, 0j, (0.042+0j), 0j, 0j, (-0+0j), 0j, 0j, (-0+0j), 0j]","[0j, 0j, 0j, 0j, (-0+0j), (-0+0j), 0j, 0j, 0j, (-0+0j), 0j, 0j, 0j, (-0+0j), (-0+0j), (0.026+0j), 0j, (-0+0j), 0j, 0j, 0j, (-0+0j), (-0+0j), (-0.068+0j), (-0+0j), 0j, (-0+0j), (0.088+0j), (-0+0j), (-0.068+0j), (0.026+0j), (-0+0j), (-0+0j), (-0+0j), 0j, (-0+0j), 0j, (-0+0j), (-0+0j), (0.088+0j), (-0+0j), 0j, (-0+0j), (-0.163+0j), 0j, (0.151+0j), (-0.068+0j), (-0+0j), 0j, (-0+0j), 0j, (0.125+0j), (-0+0j), (-0.163+0j), (0.088+0j), 0j, (-0+0j), (0.088+0j), (-0.068+0j), 0j, (0.026+0j), (-0+0j), 0j, 0j, 0j, (-0+0j), 0j, (-0+0j), 0j, (-0+0j), 0j, (-0.068+0j), (-0+0j), 0j, (-0+0j), (0.151+0j), 0j, (-0.163+0j), (0.088+0j), 0j, 0j, 0j, (-0+0j), (-0.163+0j), 0j, (0.25+0j), (-0.163+0j), 0j, 0j, (-0.163+0j), (0.151+0j), 0j, (-0.068+0j), 0j, (-0+0j), 0j, 0j, (-0+0j), (-0+0j), (0.088+0j), 0j, (-0.163+0j), (0.125+0j), 0j, 0j, (0.151+0j), (-0.163+0j), (-0+0j), (0.088+0j), 0j, 0j, 0j, 0j, (-0.068+0j), (0.088+0j), 0j, (-0.068+0j), 0j, (-0+0j), 0j, (0.026+0j), 0j, 0j, 0j, 0j, 0j, 0j, 0j, (-0+0j), (-0+0j), 0j, 0j, (-0+0j), 0j, 0j, (0.026+0j), (-0+0j), (-0+0j), 0j, (-0.068+0j), (-0+0j), (0.088+0j), (-0.068+0j), 0j, (-0+0j), 0j, (-0+0j), (0.088+0j), (-0+0j), (-0.163+0j), (0.151+0j), (-0+0j), 0j, (0.125+0j), (-0.163+0j), 0j, (0.088+0j), (-0+0j), (-0+0j), 0j, (-0+0j), (-0+0j), 0j, (-0.068+0j), 0j, (0.151+0j), (-0.163+0j), 0j, 0j, (-0.163+0j), (0.25+0j), 0j, (-0.163+0j), 0j, 0j, 0j, 0j, (0.088+0j), (-0.163+0j), 0j, (0.151+0j), 0j, 0j, 0j, (-0.068+0j), (-0+0j), 0j, 0j, 0j, 0j, 0j, 0j, (-0+0j), (-0+0j), 0j, (0.026+0j), (-0+0j), (-0.068+0j), (0.088+0j), 0j, 0j, (0.088+0j), (-0.163+0j), 0j, (0.125+0j), (-0+0j), 0j, 0j, (-0+0j), (-0.068+0j), (0.151+0j), 0j, (-0.163+0j), 0j, (-0+0j), 0j, (0.088+0j), 0j, 0j, 0j, 0j, 0j, 0j, 0j, (-0+0j), (0.026+0j), (-0.068+0j), (-0+0j), (0.088+0j), 0j, (-0+0j), 0j, (-0.068+0j), 0j, 0j, 0j, (-0+0j), 0j, 0j, 0j, (0.026+0j), (-0+0j), 0j, 0j, (-0+0j), 0j, 0j, 0j, 0j, 0j, 0j, 0j, 0j, 0j, 0j, 0j]"
8,-3.555,-3.696,-3.696,(-0+0j),3597.623,5.514,"[(-0+0j), 0j, 0j, 0j, 0j, 0j, 0j, 0j, 0j, (-0+0j), 0j, 0j, (-0+0j), 0j, 0j, (-0+0j), 0j, (-0+0j), 0j, 0j, (-0+0j), 0j, 0j, 0j, 0j, 0j, 0j, 0j, 0j, (-0+0j), 0j, 0j, 0j, 0j, (-0+0j), 0j, (-0+0j), 0j, 0j, 0j, (-0+0j), 0j, 0j, (-0+0j), 0j, 0j, (-0+0j), 0j, 0j, 0j, 0j, (-0+0j), 0j, 0j, (-0+0j), 0j, 0j, 0j, (-0+0j), 0j, 0j, 0j, 0j, (0.094+0j), 0j, (-0+0j), 0j, 0j, 0j, 0j, 0j, (-0+0j), 0j, 0j, 0j, 0j, 0j, (-0+0j), 0j, 0j, (-0+0j), 0j, 0j, 0j, 0j, 0j, (-0+0j), 0j, 0j, (-0+0j), 0j, 0j, 0j, 0j, 0j, (-0.103+0j), (-0+0j), 0j, 0j, 0j, 0j, (-0+0j), 0j, 0j, 0j, 0j, 0j, 0j, (-0+0j), 0j, 0j, (0.136+0j), 0j, (-0+0j), 0j, 0j, 0j, 0j, 0j, (-0.181+0j), 0j, 0j, 0j, (0.22+0j), 0j, (-0.229+0j), (0.192+0j), 0j, 0j, 0j, (-0+0j), 0j, (-0+0j), 0j, 0j, (-0+0j), (-0+0j), 0j, 0j, 0j, 0j, (-0+0j), 0j, 0j, 0j, 0j, 0j, (-0+0j), 0j, 0j, (-0+0j), 0j, 0j, (-0+0j), 0j, 0j, 0j, 0j, 0j, (0.123+0j), 0j, 0j, 0j, (-0+0j), 0j, (-0+0j), 0j, 0j, 0j, (-0+0j), 0j, 0j, 0j, 0j, 0j, (-0.162+0j), 0j, 0j, 0j, 0j, 0j, 0j, 0j, (0.217+0j), 0j, 0j, 0j, (-0.263+0j), 0j, (0.274+0j), (-0.229+0j), 0j, 0j, 0j, 0j, 0j, 0j, (-0+0j), (-0+0j), 0j, 0j, (-0+0j), 0j, 0j, 0j, 0j, 0j, (0.156+0j), 0j, (-0+0j), 0j, 0j, 0j, 0j, 0j, (-0.208+0j), 0j, 0j, 0j, (0.253+0j), 0j, (-0.263+0j), (0.22+0j), 0j, 0j, (-0+0j), 0j, 0j, (-0+0j), 0j, 0j, (0.171+0j), 0j, 0j, 0j, (-0.208+0j), 0j, (0.217+0j), (-0.181+0j), 0j, (-0+0j), 0j, 0j, (0.156+0j), 0j, (-0.162+0j), (0.136+0j), 0j, 0j, (0.123+0j), (-0.103+0j), 0j, (0.094+0j), 0j, 0j, (-0+0j)]","[0j, 0j, 0j, 0j, (-0+0j), (-0+0j), 0j, 0j, 0j, (-0+0j), 0j, 0j, 0j, (-0+0j), (-0+0j), (0.026+0j), 0j, (-0+0j), 0j, 0j, 0j, (-0+0j), (-0+0j), (-0.068+0j), (-0+0j), 0j, (-0+0j), (0.088+0j), (-0+0j), (-0.068+0j), (0.026+0j), (-0+0j), (-0+0j), (-0+0j), 0j, (-0+0j), 0j, (-0+0j), (-0+0j), (0.088+0j), (-0+0j), 0j, (-0+0j), (-0.163+0j), 0j, (0.151+0j), (-0.068+0j), (-0+0j), 0j, (-0+0j), 0j, (0.125+0j), (-0+0j), (-0.163+0j), (0.088+0j), 0j, (-0+0j), (0.088+0j), (-0.068+0j), 0j, (0.026+0j), (-0+0j), 0j, 0j, 0j, (-0+0j), 0j, (-0+0j), 0j, (-0+0j), 0j, (-0.068+0j), (-0+0j), 0j, (-0+0j), (0.151+0j), 0j, (-0.163+0j), (0.088+0j), 0j, 0j, 0j, (-0+0j), (-0.163+0j), 0j, (0.25+0j), (-0.163+0j), 0j, 0j, (-0.163+0j), (0.151+0j), 0j, (-0.068+0j), 0j, (-0+0j), 0j, 0j, (-0+0j), (-0+0j), (0.088+0j), 0j, (-0.163+0j), (0.125+0j), 0j, 0j, (0.151+0j), (-0.163+0j), (-0+0j), (0.088+0j), 0j, 0j, 0j, 0j, (-0.068+0j), (0.088+0j), 0j, (-0.068+0j), 0j, (-0+0j), 0j, (0.026+0j), 0j, 0j, 0j, 0j, 0j, 0j, 0j, (-0+0j), (-0+0j), 0j, 0j, (-0+0j), 0j, 0j, (0.026+0j), (-0+0j), (-0+0j), 0j, (-0.068+0j), (-0+0j), (0.088+0j), (-0.068+0j), 0j, (-0+0j), 0j, (-0+0j), (0.088+0j), (-0+0j), (-0.163+0j), (0.151+0j), (-0+0j), 0j, (0.125+0j), (-0.163+0j), 0j, (0.088+0j), (-0+0j), (-0+0j), 0j, (-0+0j), (-0+0j), 0j, (-0.068+0j), 0j, (0.151+0j), (-0.163+0j), 0j, 0j, (-0.163+0j), (0.25+0j), 0j, (-0.163+0j), 0j, 0j, 0j, 0j, (0.088+0j), (-0.163+0j), 0j, (0.151+0j), 0j, 0j, 0j, (-0.068+0j), (-0+0j), 0j, 0j, 0j, 0j, 0j, 0j, (-0+0j), (-0+0j), 0j, (0.026+0j), (-0+0j), (-0.068+0j), (0.088+0j), 0j, 0j, (0.088+0j), (-0.163+0j), 0j, (0.125+0j), (-0+0j), 0j, 0j, (-0+0j), (-0.068+0j), (0.151+0j), 0j, (-0.163+0j), 0j, (-0+0j), 0j, (0.088+0j), 0j, 0j, 0j, 0j, 0j, 0j, 0j, (-0+0j), (0.026+0j), (-0.068+0j), (-0+0j), (0.088+0j), 0j, (-0+0j), 0j, (-0.068+0j), 0j, 0j, 0j, (-0+0j), 0j, 0j, 0j, (0.026+0j), (-0+0j), 0j, 0j, (-0+0j), 0j, 0j, 0j, 0j, 0j, 0j, 0j, 0j, 0j, 0j, 0j]"
8,-2.0,-5.226,-2.0,0j,3034.876,3.577,"[0j, 0j, (-0+0j), 0j, (-0+0j), 0j, 0j, 0j, 0j, 0j, 0j, (-0+0j), 0j, (-0+0j), 0j, 0j, (-0+0j), 0j, 0j, (-0+0j), 0j, (-0+0j), (-0+0j), 0j, 0j, 0j, 0j, 0j, 0j, 0j, 0j, 0j, (-0+0j), 0j, 0j, (-0+0j), 0j, 0j, (-0+0j), 0j, 0j, (-0+0j), 0j, 0j, 0j, 0j, 0j, (-0+0j), 0j, (-0+0j), 0j, 0j, 0j, 0j, 0j, 0j, (-0+0j), 0j, 0j, (-0+0j), 0j, 0j, (-0+0j), 0j, (-0+0j), 0j, 0j, 0j, 0j, 0j, (-0+0j), 0j, 0j, 0j, (-0+0j), 0j, 0j, 0j, 0j, 0j, 0j, (-0+0j), 0j, 0j, 0j, 0j, 0j, (-0+0j), (-0+0j), 0j, 0j, 0j, 0j, 0j, 0j, 0j, 0j, 0j, (-0+0j), 0j, 0j, 0j, 0j, (-0+0j), 0j, 0j, 0j, 0j, 0j, 0j, 0j, 0j, (-0+0j), 0j, 0j, 0j, 0j, (-0+0j), 0j, 0j, 0j, (-0+0j), (-0+0j), 0j, 0j, 0j, 0j, (-0.353+0j), 0j, 0j, 0j, (-0+0j), 0j, (-0+0j), 0j, 0j, 0j, (-0+0j), 0j, 0j, (-0+0j), 0j, 0j, 0j, 0j, (-0+0j), 0j, 0j, 0j, 0j, 0j, (-0+0j), (-0+0j), 0j, 0j, 0j, 0j, 0j, 0j, 0j, 0j, 0j, (-0+0j), 0j, 0j, 0j, 0j, 0j, 0j, 0j, 0j, (-0+0j), 0j, 0j, (-0+0j), 0j, (-0+0j), 0j, 0j, (-0+0j), 0j, 0j, 0j, 0j, 0j, 0j, 0j, 0j, 0j, 0j, 0j, (0.353+0j), 0j, 0j, (-0+0j), 0j, 0j, 0j, 0j, (-0+0j), (-0+0j), 0j, 0j, 0j, 0j, (-0+0j), (-0+0j), 0j, (-0+0j), 0j, 0j, 0j, 0j, (-0+0j), 0j, 0j, 0j, (-0+0j), 0j, 0j, 0j, 0j, 0j, (-0.353+0j), 0j, 0j, 0j, 0j, 0j, (-0+0j), 0j, 0j, 0j, 0j, (-0+0j), 0j, 0j, 0j, 0j, (0.353+0j), 0j, (-0+0j), 0j, 0j, 0j, 0j, 0j, (-0.354+0j), (-0+0j), 0j, 0j, (0.354+0j), 0j, (-0.354+0j), (0.354+0j), 0j]","[0j, 0j, 0j, 0j, (-0+0j), (-0+0j), 0j, 0j, 0j, (-0+0j), 0j, 0j, 0j, (-0+0j), (-0+0j), (0.026+0j), 0j, (-0+0j), 0j, 0j, 0j, (-0+0j), (-0+0j), (-0.068+0j), (-0+0j), 0j, (-0+0j), (0.088+0j), (-0+0j), (-0.068+0j), (0.026+0j), (-0+0j), (-0+0j), (-0+0j), 0j, (-0+0j), 0j, (-0+0j), (-0+0j), (0.088+0j), (-0+0j), 0j, (-0+0j), (-0.163+0j), 0j, (0.151+0j), (-0.068+0j), (-0+0j), 0j, (-0+0j), 0j, (0.125+0j), (-0+0j), (-0.163+0j), (0.088+0j), 0j, (-0+0j), (0.088+0j), (-0.068+0j), 0j, (0.026+0j), (-0+0j), 0j, 0j, 0j, (-0+0j), 0j, (-0+0j), 0j, (-0+0j), 0j, (-0.068+0j), (-0+0j), 0j, (-0+0j), (0.151+0j), 0j, (-0.163+0j), (0.088+0j), 0j, 0j, 0j, (-0+0j), (-0.163+0j), 0j, (0.25+0j), (-0.163+0j), 0j, 0j, (-0.163+0j), (0.151+0j), 0j, (-0.068+0j), 0j, (-0+0j), 0j, 0j, (-0+0j), (-0+0j), (0.088+0j), 0j, (-0.163+0j), (0.125+0j), 0j, 0j, (0.151+0j), (-0.163+0j), (-0+0j), (0.088+0j), 0j, 0j, 0j, 0j, (-0.068+0j), (0.088+0j), 0j, (-0.068+0j), 0j, (-0+0j), 0j, (0.026+0j), 0j, 0j, 0j, 0j, 0j, 0j, 0j, (-0+0j), (-0+0j), 0j, 0j, (-0+0j), 0j, 0j, (0.026+0j), (-0+0j), (-0+0j), 0j, (-0.068+0j), (-0+0j), (0.088+0j), (-0.068+0j), 0j, (-0+0j), 0j, (-0+0j), (0.088+0j), (-0+0j), (-0.163+0j), (0.151+0j), (-0+0j), 0j, (0.125+0j), (-0.163+0j), 0j, (0.088+0j), (-0+0j), (-0+0j), 0j, (-0+0j), (-0+0j), 0j, (-0.068+0j), 0j, (0.151+0j), (-0.163+0j), 0j, 0j, (-0.163+0j), (0.25+0j), 0j, (-0.163+0j), 0j, 0j, 0j, 0j, (0.088+0j), (-0.163+0j), 0j, (0.151+0j), 0j, 0j, 0j, (-0.068+0j), (-0+0j), 0j, 0j, 0j, 0j, 0j, 0j, (-0+0j), (-0+0j), 0j, (0.026+0j), (-0+0j), (-0.068+0j), (0.088+0j), 0j, 0j, (0.088+0j), (-0.163+0j), 0j, (0.125+0j), (-0+0j), 0j, 0j, (-0+0j), (-0.068+0j), (0.151+0j), 0j, (-0.163+0j), 0j, (-0+0j), 0j, (0.088+0j), 0j, 0j, 0j, 0j, 0j, 0j, 0j, (-0+0j), (0.026+0j), (-0.068+0j), (-0+0j), (0.088+0j), 0j, (-0+0j), 0j, (-0.068+0j), 0j, 0j, 0j, (-0+0j), 0j, 0j, 0j, (0.026+0j), (-0+0j), 0j, 0j, (-0+0j), 0j, 0j, 0j, 0j, 0j, 0j, 0j, 0j, 0j, 0j, 0j]"
